Id;Label
680;1
1195;2
2013;3
2079;4
3835;5
4677;6
4844;7
5318;8
6160;9
6600;10
7074;11
7183;12
7478;13
8388;14
8667;15
9322;16
9397;17
9705;18
10421;19
10695;20
11072;21
11429;22
11631;23
11878;24
12128;25
12975;26
17164;27
17681;28
18832;29
22995;30
23437;31
24129;32
24350;33
24998;34
25840;35
25967;36
26198;37
26457;38
27365;39
27619;40
28769;41
28974;42
29011;43
29733;44
29944;45
30063;46
30971;47
31070;48
31534;49
32197;50
32551;51
33613;52
34790;53
35430;54
35730;55
37118;56
38544;57
40053;58
40761;59
41741;60
42039;61
42300;62
43302;63
43634;64
44418;65
45194;66
45681;67
46360;68
46573;69
50138;70
50470;71
50545;72
51120;73
52738;74
53020;75
55735;76
56119;77
57706;78
58495;79
59848;80
62017;81
62542;82
63382;83
63680;84
63965;85
65753;86
66195;87
68800;88
71894;89
72817;90
74959;91
77027;92
79007;93
79323;94
80433;95
82185;96
83101;97
83860;98
84912;99
85319;100
86259;101
87119;102
89691;103
89967;104
92543;105
93031;106
93432;107
94277;108
94774;109
95071;110
98347;111
98821;112
99666;113
101572;114
102741;115
103372;116
103466;117
103790;118
103913;119
104604;120
106788;121
109850;122
110429;123
113748;124
119060;125
119081;126
121830;127
122371;128
123901;129
124751;130
126032;131
126078;132
128257;133
129724;134
133628;135
134223;136
134486;137
135551;138
140867;139
141852;140
143714;141
143934;142
155416;143
156312;144
158974;145
159659;146
160004;147
166565;148
166998;149
168372;150
169557;151
173144;152
175936;153
175955;154
177886;155
178058;156
179352;157
182945;158
185154;159
185358;160
185565;161
186370;162
190083;163
190670;164
191748;165
199141;166
200454;167
200907;168
202826;169
204690;170
206403;171
209777;172
211199;173
213453;174
214035;175
214803;176
221331;177
224865;178
226779;179
228807;180
228962;181
229068;182
229840;183
234169;184
235714;185
239286;186
241732;187
245398;188
248652;189
250599;190
253453;191
253745;192
254955;193
255931;194
256330;195
257751;196
257984;197
260263;198
265230;199
266155;200
267746;201
269542;202
276389;203
279745;204
279801;205
282273;206
285661;207
287381;208
289767;209
291518;210
292549;211
292825;212
295161;213
295278;214
301710;215
312232;216
316037;217
316105;218
317333;219
317470;220
318753;221
324589;222
326549;223
327880;224
332127;225
332331;226
337125;227
338651;228
341738;229
347936;230
349109;231
353088;232
354072;233
355390;234
356254;235
357806;236
361164;237
366449;238
367115;239
367341;240
367696;241
368586;242
370505;243
373453;244
375337;245
377187;246
378179;247
384999;248
387363;249
390459;250
393760;251
394432;252
397710;253
398626;254
399034;255
401665;256
404467;257
408450;258
411079;259
412779;260
413421;261
416111;262
419288;263
419434;264
419516;265
419922;266
420849;267
421747;268
422284;269
426900;270
426926;271
436040;272
437006;273
439986;274
440759;275
441052;276
442971;277
451606;278
451829;279
452198;280
454305;281
454573;282
459282;283
460450;284
461715;285
467019;286
469014;287
469271;288
469285;289
471070;290
478756;291
478907;292
486083;293
488760;294
493655;295
494410;296
495786;297
498139;298
499897;299
501909;300
503759;301
504265;302
504276;303
504364;304
504642;305
511052;306
513292;307
514261;308
515301;309
517500;310
521611;311
524183;312
527097;313
527256;314
532111;315
533249;316
533250;317
543768;318
546208;319
546315;320
547439;321
550152;322
551072;323
552912;324
555408;325
555417;326
557613;327
558918;328
561515;329
564822;330
565430;331
567936;332
574431;333
577973;334
578795;335
582488;336
589078;337
591008;338
592328;339
596407;340
599743;341
602656;342
610331;343
611364;344
614639;345
617494;346
618142;347
618920;348
620652;349
620992;350
621037;351
623264;352
630024;353
631458;354
631978;355
632130;356
632540;357
637809;358
639960;359
640411;360
641654;361
644113;362
649448;363
650130;364
652357;365
653141;366
657020;367
657993;368
658371;369
660510;370
660885;371
661372;372
661806;373
661809;374
666486;375
668109;376
677743;377
677917;378
679394;379
684211;380
685447;381
689501;382
690243;383
691486;384
697088;385
697462;386
697507;387
704916;388
710552;389
712259;390
713397;391
719957;392
722970;393
723728;394
725815;395
731249;396
732962;397
733059;398
736673;399
741613;400
747251;401
752852;402
753308;403
755177;404
762852;405
765214;406
766335;407
768260;408
769956;409
770833;410
773638;411
775254;412
776832;413
776856;414
778959;415
782091;416
784700;417
786303;418
788264;419
790199;420
791889;421
791990;422
793007;423
803164;424
805032;425
810255;426
811607;427
821004;428
821678;429
821777;430
822297;431
826056;432
827090;433
833173;434
835578;435
836277;436
838016;437
842525;438
843316;439
850639;440
858011;441
859702;442
868364;443
875160;444
876843;445
878939;446
884497;447
886275;448
887410;449
887555;450
888623;451
889613;452
889852;453
891636;454
893304;455
898785;456
901219;457
911881;458
913620;459
917631;460
923850;461
923951;462
924900;463
931059;464
933564;465
934464;466
934723;467
935201;468
939656;469
939680;470
943321;471
944244;472
945359;473
947147;474
949094;475
949957;476
959422;477
960483;478
961125;479
961822;480
970154;481
970974;482
972580;483
973957;484
974623;485
974747;486
975806;487
980184;488
984275;489
985556;490
986730;491
987638;492
990032;493
990295;494
992308;495
992904;496
998267;497
1004184;498
1009669;499
1010377;500
1010495;501
1012571;502
1015827;503
1016077;504
1016488;505
1016878;506
1019498;507
1034150;508
1039266;509
1040102;510
1048075;511
1054617;512
1055185;513
1055878;514
1066355;515
1070580;516
1072974;517
1073392;518
1075282;519
1076223;520
1081971;521
1082298;522
1083205;523
1083908;524
1087239;525
1089035;526
1089959;527
1090249;528
1096676;529
1101110;530
1101180;531
1109673;532
1110774;533
1113980;534
1118642;535
1125622;536
1127366;537
1139599;538
1142257;539
1145529;540
1146704;541
1149822;542
1151511;543
1151676;544
1166016;545
1170011;546
1170968;547
1171028;548
1172040;549
1175494;550
1175945;551
1176561;552
1178740;553
1180144;554
1180780;555
1191009;556
1203010;557
1207136;558
1212580;559
1218410;560
1226126;561
1228562;562
1233132;563
1239458;564
1241473;565
1241627;566
1244238;567
1248958;568
1249792;569
1251029;570
1251289;571
1254126;572
1262740;573
1262883;574
1265636;575
1269549;576
1272246;577
1272484;578
1277930;579
1279051;580
1280277;581
1281901;582
1281968;583
1288009;584
1291624;585
1295771;586
1301178;587
1304609;588
1309727;589
1312475;590
1312788;591
1312933;592
1314086;593
1314425;594
1314805;595
1314862;596
1318208;597
1318341;598
1319795;599
1320250;600
1330642;601
1333990;602
1338029;603
1338066;604
1340981;605
1342760;606
1343245;607
1344348;608
1345551;609
1349608;610
1354981;611
1358445;612
1358915;613
1361450;614
1361957;615
1364519;616
1367626;617
1368146;618
1368547;619
1370735;620
1374334;621
1381585;622
1386823;623
1390656;624
1391921;625
1397358;626
1397486;627
1399957;628
1401963;629
1402162;630
1402758;631
1403220;632
1404530;633
1406274;634
1407683;635
1409431;636
1409903;637
1430135;638
1434401;639
1435611;640
1437010;641
1441904;642
1443105;643
1449830;644
1454287;645
1460788;646
1460792;647
1468620;648
1473793;649
1474412;650
1475776;651
1478469;652
1479897;653
1484246;654
1492847;655
1499107;656
1503135;657
1503364;658
1504008;659
1505016;660
1506368;661
1507558;662
1517253;663
1518259;664
1520213;665
1521603;666
1527281;667
1531884;668
1541031;669
1542371;670
1544684;671
1547171;672
1557919;673
1560406;674
1567916;675
1570302;676
1572596;677
1574791;678
1587622;679
1591838;680
1594912;681
1595066;682
1596087;683
1596090;684
1604212;685
1607387;686
1607633;687
1608935;688
1609757;689
1609839;690
1611166;691
1612048;692
1617421;693
1618633;694
1619172;695
1625480;696
1627764;697
1632638;698
1634708;699
1636563;700
1644280;701
1644646;702
1645425;703
1646939;704
1651302;705
1662725;706
1662932;707
1668296;708
1668991;709
1677577;710
1679324;711
1686581;712
1688817;713
1690502;714
1691112;715
1691169;716
1691209;717
1695186;718
1702214;719
1705677;720
1712677;721
1712944;722
1713408;723
1713658;724
1717370;725
1718458;726
1726078;727
1727841;728
1729670;729
1732709;730
1735462;731
1736388;732
1736868;733
1739128;734
1749034;735
1759150;736
1760353;737
1760382;738
1762526;739
1763756;740
1774737;741
1780038;742
1786482;743
1789049;744
1790883;745
1791839;746
1794992;747
1799282;748
1806495;749
1807011;750
1809477;751
1810362;752
1810411;753
1813818;754
1814464;755
1815697;756
1823357;757
1825126;758
1825982;759
1826286;760
1827452;761
1832603;762
1839028;763
1839840;764
1840384;765
1847254;766
1853887;767
1855476;768
1860280;769
1861028;770
1861411;771
1868346;772
1869722;773
1870800;774
1872377;775
1879884;776
1882528;777
1882929;778
1885524;779
1900267;780
1903900;781
1905742;782
1910659;783
1912026;784
1918940;785
1921711;786
1929195;787
1934374;788
1939871;789
1940872;790
1943265;791
1944483;792
1944849;793
1945718;794
1952357;795
1955040;796
1956261;797
1959745;798
1961366;799
1967480;800
1967974;801
1968108;802
1970591;803
1974278;804
1994299;805
1994775;806
1995852;807
2001997;808
2005398;809
2011624;810
2015172;811
2029823;812
2031336;813
2033436;814
2038956;815
2040759;816
2041612;817
2042064;818
2046738;819
2047643;820
2048471;821
2048730;822
2050662;823
2051058;824
2065832;825
2067672;826
2070326;827
2072860;828
2073504;829
2079117;830
2084343;831
2095095;832
2098967;833
2099592;834
2102635;835
2104443;836
2110623;837
2116009;838
2134690;839
2135494;840
2137195;841
2140744;842
2142695;843
2149536;844
2151855;845
2154542;846
2157514;847
2162069;848
2169924;849
2177524;850
2182845;851
2188523;852
2189080;853
2192973;854
2200654;855
2206214;856
2206315;857
2208055;858
2210089;859
2214612;860
2217358;861
2223356;862
2223370;863
2232414;864
2235397;865
2236313;866
2259182;867
2263791;868
2264692;869
2264880;870
2271024;871
2278008;872
2281192;873
2284218;874
2295634;875
2296765;876
2298431;877
2299209;878
2317645;879
2319945;880
2322463;881
2330768;882
2335617;883
2336204;884
2343724;885
2344787;886
2372330;887
2377215;888
2381919;889
2384630;890
2387386;891
2390099;892
2395313;893
2397478;894
2408107;895
2415375;896
2418292;897
2418937;898
2421892;899
2426162;900
2428814;901
2429713;902
2438106;903
2444550;904
2444706;905
2448263;906
2451500;907
2456312;908
2456579;909
2457385;910
2457424;911
2460094;912
2462324;913
2467844;914
2470901;915
2475175;916
2484431;917
2495208;918
2496330;919
2500580;920
2503437;921
2505641;922
2520364;923
2525533;924
2527325;925
2527622;926
2528453;927
2529935;928
2531571;929
2534805;930
2537341;931
2539744;932
2540217;933
2547606;934
2553761;935
2561967;936
2564126;937
2566760;938
2570511;939
2571627;940
2572379;941
2577289;942
2577853;943
2581718;944
2584837;945
2593963;946
2595908;947
2597891;948
2599571;949
2601681;950
2601776;951
2607485;952
2612829;953
2614048;954
2616311;955
2616997;956
2618896;957
2619443;958
2628686;959
2629275;960
2631403;961
2635150;962
2638035;963
2638277;964
2642366;965
2646363;966
2649158;967
2649868;968
2655670;969
2663537;970
2663548;971
2666547;972
2667564;973
2669691;974
2671850;975
2681525;976
2683310;977
2695507;978
2720933;979
2728650;980
2730174;981
2731366;982
2735262;983
2739095;984
2761570;985
2763318;986
2764435;987
2767331;988
2768687;989
2769356;990
2781147;991
2790608;992
2797504;993
2797871;994
2804785;995
2822382;996
2825650;997
2830472;998
2832647;999
2840894;1000
2842151;1001
2843359;1002
2844088;1003
2847854;1004
2849802;1005
2858118;1006
2858894;1007
2865854;1008
2871203;1009
2893688;1010
2897932;1011
2922852;1012
2926592;1013
2932170;1014
2932821;1015
2946799;1016
2949075;1017
2951050;1018
2952656;1019
2966572;1020
2967322;1021
2967475;1022
2976889;1023
2979802;1024
2980567;1025
2993180;1026
3003541;1027
3011118;1028
3021210;1029
3029430;1030
3030281;1031
3034235;1032
3035711;1033
3039305;1034
3045401;1035
3049703;1036
3054148;1037
3056714;1038
3063733;1039
3073082;1040
3073819;1041
3084944;1042
3088245;1043
3094062;1044
3097179;1045
3113998;1046
3121248;1047
3123807;1048
3130334;1049
3131326;1050
3132805;1051
3137169;1052
3139260;1053
3150268;1054
3155147;1055
3157102;1056
3158292;1057
3174257;1058
3179033;1059
3182518;1060
3182808;1061
3195363;1062
3196842;1063
3197006;1064
3200296;1065
3207512;1066
3214173;1067
3214354;1068
3215244;1069
3216940;1070
3221294;1071
3231216;1072
3231833;1073
3271668;1074
3284223;1075
3293250;1076
3319727;1077
3323027;1078
3325606;1079
3329019;1080
3338310;1081
3347364;1082
3347579;1083
3347906;1084
3348514;1085
3364186;1086
3371369;1087
3373396;1088
3379543;1089
3384955;1090
3396589;1091
3401186;1092
3405668;1093
3426849;1094
3431931;1095
3437016;1096
3437825;1097
3442582;1098
3443927;1099
3444298;1100
3445640;1101
3446850;1102
3456863;1103
3458950;1104
3460267;1105
3464939;1106
3467496;1107
3476255;1108
3477494;1109
3491550;1110
3493798;1111
3499690;1112
3521124;1113
3522100;1114
3522563;1115
3539557;1116
3557257;1117
3569923;1118
3573145;1119
3584264;1120
3592433;1121
3594049;1122
3601520;1123
3622007;1124
3624548;1125
3630854;1126
3636424;1127
3644021;1128
3645937;1129
3654369;1130
3667377;1131
3683998;1132
3692668;1133
3698448;1134
3713992;1135
3719559;1136
3727083;1137
3733521;1138
3751854;1139
3765336;1140
3773425;1141
3780246;1142
3789817;1143
3792103;1144
3798590;1145
3798609;1146
3807354;1147
3810601;1148
3818009;1149
3818130;1150
3826031;1151
3833943;1152
3834418;1153
3837669;1154
3839828;1155
3845400;1156
3862532;1157
3865550;1158
3871338;1159
3871968;1160
3880562;1161
3909979;1162
3910411;1163
3912428;1164
3925746;1165
3930558;1166
3932384;1167
3933011;1168
3934825;1169
3942820;1170
3951440;1171
3976640;1172
3988635;1173
3992075;1174
3999265;1175
4002021;1176
4003368;1177
4010261;1178
4012945;1179
4013628;1180
4020829;1181
4055693;1182
4060252;1183
4071199;1184
4082992;1185
4083731;1186
4091616;1187
4105687;1188
4109315;1189
4114087;1190
4117697;1191
4123906;1192
4131016;1193
4132589;1194
4134606;1195
4144999;1196
4156533;1197
4158135;1198
4158540;1199
4162415;1200
4171976;1201
4172633;1202
4180041;1203
4183619;1204
4190856;1205
4194590;1206
4194988;1207
4200853;1208
4212870;1209
4213881;1210
4214954;1211
4221668;1212
4230343;1213
4235919;1214
4236142;1215
4238419;1216
4249889;1217
4250749;1218
4252342;1219
4252724;1220
4256876;1221
4260493;1222
4270270;1223
4284032;1224
4284837;1225
4293352;1226
4297648;1227
4325584;1228
4340314;1229
4349847;1230
4350318;1231
4361355;1232
4363423;1233
4363701;1234
4371559;1235
4378090;1236
4381567;1237
4390081;1238
4411027;1239
4420747;1240
4429276;1241
4461031;1242
4462510;1243
4473285;1244
4480392;1245
4484711;1246
4502885;1247
4524209;1248
4524228;1249
4532003;1250
4532584;1251
4533232;1252
4544011;1253
4545162;1254
4571398;1255
4584656;1256
4592201;1257
4605131;1258
4611336;1259
4617797;1260
4624711;1261
4638811;1262
4661735;1263
4673892;1264
4676036;1265
4677884;1266
4681836;1267
4692339;1268
4692819;1269
4696103;1270
4717300;1271
4718395;1272
4722933;1273
4740976;1274
4743765;1275
4750460;1276
4763409;1277
4766728;1278
4769566;1279
4780385;1280
4786414;1281
4809281;1282
4809814;1283
4810090;1284
4827003;1285
4851955;1286
4869107;1287
4869361;1288
4871920;1289
4872750;1290
4890320;1291
4891074;1292
4892011;1293
4892691;1294
4894386;1295
4905621;1296
4906083;1297
4907327;1298
4910803;1299
4918642;1300
4920874;1301
4927054;1302
4931418;1303
4936390;1304
4951135;1305
4954686;1306
4965403;1307
4970944;1308
4973038;1309
4982788;1310
4985594;1311
4987295;1312
5014553;1313
5020056;1314
5021870;1315
5024135;1316
5036541;1317
5048700;1318
5049655;1319
5055334;1320
5060528;1321
5061944;1322
5064995;1323
5082568;1324
5090183;1325
5092645;1326
5092967;1327
5096091;1328
5097614;1329
5109111;1330
5118552;1331
5124309;1332
5125872;1333
5126295;1334
5136601;1335
5190417;1336
5195109;1337
5195782;1338
5197764;1339
5198963;1340
5212677;1341
5217169;1342
5219190;1343
5220779;1344
5252513;1345
5266844;1346
5290894;1347
5297189;1348
5298090;1349
5301086;1350
5302359;1351
5303328;1352
5305196;1353
5314162;1354
5319220;1355
5336805;1356
5343877;1357
5357594;1358
5370658;1359
5372126;1360
5374773;1361
5377418;1362
5388905;1363
5393919;1364
5395191;1365
5398107;1366
5399267;1367
5403351;1368
5403548;1369
5410084;1370
5413782;1371
5427460;1372
5429879;1373
5430901;1374
5435893;1375
5442174;1376
5444328;1377
5460640;1378
5465757;1379
5467119;1380
5476970;1381
5482469;1382
5495031;1383
5501563;1384
5503669;1385
5520271;1386
5522050;1387
5522182;1388
5523851;1389
5523987;1390
5542254;1391
5556412;1392
5567363;1393
5570876;1394
5595937;1395
5609046;1396
5611164;1397
5619947;1398
5623329;1399
5630434;1400
5637226;1401
5641910;1402
5642783;1403
5643720;1404
5644833;1405
5659498;1406
5674283;1407
5703375;1408
5704091;1409
5705093;1410
5707637;1411
5716417;1412
5723217;1413
5739066;1414
5761015;1415
5767035;1416
5770879;1417
5781499;1418
5802740;1419
5813767;1420
5816055;1421
5818769;1422
5824636;1423
5824823;1424
5830569;1425
5832267;1426
5837801;1427
5838312;1428
5842445;1429
5843476;1430
5844819;1431
5866583;1432
5869107;1433
5871080;1434
5877807;1435
5885446;1436
5888208;1437
5922651;1438
5924574;1439
5931636;1440
5936470;1441
5962491;1442
5981772;1443
5984224;1444
5987730;1445
5989962;1446
5992954;1447
6012673;1448
6015302;1449
6025838;1450
6027003;1451
6033994;1452
6037331;1453
6040790;1454
6066538;1455
6086775;1456
6088075;1457
6092531;1458
6111433;1459
6116307;1460
6121302;1461
6134019;1462
6140202;1463
6140248;1464
6151583;1465
6169365;1466
6222797;1467
6231368;1468
6248094;1469
6264502;1470
6269265;1471
6272451;1472
6283446;1473
6286574;1474
6303072;1475
6307366;1476
6339006;1477
6398274;1478
6415321;1479
6426254;1480
6452907;1481
6474596;1482
6477785;1483
6478809;1484
6514497;1485
6519418;1486
6527337;1487
6528576;1488
6532577;1489
6549560;1490
6558608;1491
6561011;1492
6571506;1493
6578938;1494
6582213;1495
6584323;1496
6586947;1497
6608954;1498
6610390;1499
6611214;1500
6612002;1501
6630717;1502
6634070;1503
6637350;1504
6661037;1505
6662013;1506
6663660;1507
6665706;1508
6680900;1509
6687528;1510
6700601;1511
6718985;1512
6724714;1513
6727314;1514
6743246;1515
6750160;1516
6775700;1517
6786555;1518
6786640;1519
6792680;1520
6807407;1521
6823185;1522
6825384;1523
6828356;1524
6835135;1525
6836987;1526
6838648;1527
6844157;1528
6848231;1529
6865211;1530
6867401;1531
6871032;1532
6874268;1533
6876771;1534
6892678;1535
6895401;1536
6896229;1537
6898646;1538
6905171;1539
6912921;1540
6920761;1541
6926457;1542
6928483;1543
6947826;1544
6957699;1545
6957755;1546
6958255;1547
6980277;1548
6992078;1549
6994082;1550
6995087;1551
6997221;1552
7002302;1553
7020675;1554
7022871;1555
7025584;1556
7025840;1557
7035918;1558
7037600;1559
7042982;1560
7044140;1561
7048591;1562
7049942;1563
7052348;1564
7056241;1565
7063638;1566
7063797;1567
7084598;1568
7088432;1569
7092030;1570
7096518;1571
7098913;1572
7102361;1573
7112380;1574
7147319;1575
7178416;1576
7178911;1577
7183067;1578
7190779;1579
7192095;1580
7198653;1581
7222231;1582
7229065;1583
7230013;1584
7234122;1585
7252971;1586
7267381;1587
7272361;1588
7273231;1589
7280643;1590
7293920;1591
7294532;1592
7296668;1593
7303688;1594
7308629;1595
7320699;1596
7329612;1597
7339174;1598
7350173;1599
7350573;1600
7353146;1601
7370287;1602
7372621;1603
7374523;1604
7379028;1605
7397120;1606
7400961;1607
7403988;1608
7440687;1609
7440798;1610
7446954;1611
7455901;1612
7464218;1613
7471149;1614
7472883;1615
7488879;1616
7506732;1617
7513585;1618
7523589;1619
7527840;1620
7528842;1621
7541508;1622
7541944;1623
7542054;1624
7557290;1625
7560794;1626
7562345;1627
7562611;1628
7569340;1629
7571631;1630
7573929;1631
7579448;1632
7601892;1633
7635205;1634
7674093;1635
7676279;1636
7679653;1637
7682108;1638
7705388;1639
7714481;1640
7745587;1641
7748938;1642
7765714;1643
7768234;1644
7772847;1645
7787685;1646
7795190;1647
7805346;1648
7813712;1649
7813842;1650
7825300;1651
7835938;1652
7853815;1653
7854520;1654
7873337;1655
7879121;1656
7879660;1657
7882379;1658
7887458;1659
7889063;1660
7916473;1661
7923681;1662
7939457;1663
7945676;1664
7956932;1665
7979778;1666
7981868;1667
7990939;1668
7992907;1669
7997862;1670
8004119;1671
8020532;1672
8024987;1673
8031004;1674
8034217;1675
8041915;1676
8087864;1677
8090960;1678
8092322;1679
8094998;1680
8096178;1681
8097251;1682
8097817;1683
8121443;1684
8125621;1685
8131697;1686
8143381;1687
8148635;1688
8158086;1689
8162618;1690
8165429;1691
8180565;1692
8186828;1693
8186887;1694
8197159;1695
8212413;1696
8222878;1697
8230072;1698
8242245;1699
8276793;1700
8278241;1701
8281785;1702
8282053;1703
8285777;1704
8298255;1705
8328821;1706
8346190;1707
8367543;1708
8376291;1709
8377923;1710
8382975;1711
8391642;1712
8393908;1713
8396742;1714
8413811;1715
8416347;1716
8417683;1717
8421576;1718
8431946;1719
8462094;1720
8462635;1721
8466306;1722
8494702;1723
8495008;1724
8497497;1725
8501481;1726
8508426;1727
8513614;1728
8520665;1729
8524241;1730
8563824;1731
8564278;1732
8569476;1733
8570762;1734
8573850;1735
8575560;1736
8580170;1737
8592182;1738
8592842;1739
8597555;1740
8598844;1741
8618382;1742
8624772;1743
8626917;1744
8645749;1745
8648582;1746
8654100;1747
8670624;1748
8674520;1749
8696692;1750
8712195;1751
8715022;1752
8733771;1753
8736834;1754
8747399;1755
8754378;1756
8757752;1757
8764957;1758
8791610;1759
8819524;1760
8822328;1761
8859268;1762
8884817;1763
8896246;1764
8902394;1765
8903677;1766
8904737;1767
8906580;1768
8912749;1769
8932917;1770
8945543;1771
8970470;1772
8984353;1773
8991996;1774
8992455;1775
9030904;1776
9049140;1777
9051380;1778
9052848;1779
9054410;1780
9055271;1781
9057154;1782
9058473;1783
9062980;1784
9063947;1785
9076026;1786
9080529;1787
9127879;1788
9131821;1789
9133824;1790
9138920;1791
9189365;1792
9196827;1793
9205776;1794
9216606;1795
9220824;1796
9225572;1797
9236692;1798
9252899;1799
9310742;1800
9319761;1801
9326313;1802
9344162;1803
9345666;1804
9355962;1805
9362792;1806
9394201;1807
9413551;1808
9421794;1809
9422660;1810
9431806;1811
9451679;1812
9455170;1813
9490893;1814
9493675;1815
9501067;1816
9511079;1817
9513954;1818
9547047;1819
9558607;1820
9569922;1821
9581654;1822
9590865;1823
9599677;1824
9627036;1825
9640292;1826
9647203;1827
9648020;1828
9649752;1829
9674043;1830
9675167;1831
9678382;1832
9680290;1833
9683618;1834
9688220;1835
9698352;1836
9731479;1837
9733949;1838
9735063;1839
9763536;1840
9798304;1841
9802411;1842
9811727;1843
9813223;1844
9824470;1845
9825101;1846
9827557;1847
9852869;1848
9854845;1849
9856868;1850
9858589;1851
9867733;1852
9877276;1853
9877340;1854
9879586;1855
9882914;1856
9888926;1857
9898194;1858
9939504;1859
9940653;1860
9965060;1861
9973008;1862
9975216;1863
9997647;1864
10013716;1865
10024248;1866
10027853;1867
10032279;1868
10040692;1869
10042902;1870
10047084;1871
10077263;1872
10078523;1873
10078746;1874
10090751;1875
10090942;1876
10097772;1877
10101198;1878
10125508;1879
10129056;1880
10132038;1881
10141048;1882
10141366;1883
10145627;1884
10187651;1885
10199863;1886
10202959;1887
10208770;1888
10249516;1889
10259354;1890
10259550;1891
10262491;1892
10267011;1893
10269248;1894
10270736;1895
10294020;1896
10298787;1897
10307129;1898
10310182;1899
10328932;1900
10335174;1901
10347188;1902
10352919;1903
10362006;1904
10363399;1905
10368080;1906
10373731;1907
10393170;1908
10399580;1909
10406519;1910
10416782;1911
10443941;1912
10462103;1913
10472951;1914
10476804;1915
10481954;1916
10482234;1917
10495391;1918
10519806;1919
10531172;1920
10551316;1921
10554269;1922
10562303;1923
10579445;1924
10598155;1925
10606235;1926
10627841;1927
10630891;1928
10635155;1929
10636024;1930
10637705;1931
10640383;1932
10670301;1933
10682676;1934
10707664;1935
10721219;1936
10722151;1937
10722689;1938
10727414;1939
10743564;1940
10747003;1941
10760521;1942
10789879;1943
10805225;1944
10808271;1945
10816538;1946
10828073;1947
10835256;1948
10844937;1949
10871231;1950
10890094;1951
10898281;1952
10907139;1953
10910745;1954
10934560;1955
10935477;1956
10942528;1957
10942608;1958
10943794;1959
10954975;1960
10956234;1961
11037639;1962
11042758;1963
11043936;1964
11044398;1965
11046942;1966
11047531;1967
11051893;1968
11064048;1969
11067851;1970
11075144;1971
11079485;1972
11081271;1973
11081463;1974
11083683;1975
11083714;1976
11093554;1977
11096811;1978
11109964;1979
11130379;1980
11144727;1981
11148937;1982
11150545;1983
11150735;1984
11151784;1985
11159730;1986
11167235;1987
11172693;1988
11176379;1989
11177077;1990
11183565;1991
11186208;1992
11190024;1993
11194803;1994
11195801;1995
11212566;1996
11212688;1997
11232990;1998
11251800;1999
11286504;2000
11289953;2001
11299030;2002
11320168;2003
11320495;2004
11323815;2005
11334812;2006
11335314;2007
11342421;2008
11348391;2009
11351258;2010
11367721;2011
11374361;2012
11374581;2013
11381346;2014
11398212;2015
11403419;2016
11412844;2017
11415584;2018
11440852;2019
11445164;2020
11445897;2021
11471641;2022
11471829;2023
11498599;2024
11499454;2025
11522189;2026
11523378;2027
11527969;2028
11533975;2029
11536731;2030
11537368;2031
11537979;2032
11546537;2033
11565010;2034
11566863;2035
11576874;2036
11583542;2037
11594914;2038
11600309;2039
11606914;2040
11608885;2041
11613184;2042
11619700;2043
11622527;2044
11622813;2045
11629295;2046
11647868;2047
11650257;2048
11653781;2049
11663281;2050
11676377;2051
11680534;2052
11694540;2053
11696643;2054
11704897;2055
11705291;2056
11706631;2057
11709714;2058
11711048;2059
11714724;2060
11723475;2061
11738986;2062
11739194;2063
11742608;2064
11744694;2065
11748634;2066
11808768;2067
11808780;2068
11819535;2069
11829841;2070
11832321;2071
11832328;2072
11832477;2073
11837915;2074
11841633;2075
11864377;2076
11865535;2077
11890308;2078
11893686;2079
11899414;2080
11906308;2081
11912397;2082
11929719;2083
11932348;2084
11946382;2085
11953652;2086
11965141;2087
11973906;2088
11980268;2089
11980754;2090
12007264;2091
12015741;2092
12018361;2093
12021891;2094
12052358;2095
12060733;2096
12073946;2097
12102732;2098
12112993;2099
12116261;2100
12120984;2101
12129938;2102
12153091;2103
12154916;2104
12164080;2105
12166762;2106
12198077;2107
12214656;2108
12222044;2109
12252696;2110
12256983;2111
12265486;2112
12277054;2113
12277535;2114
12282325;2115
12284850;2116
12285652;2117
12287351;2118
12303869;2119
12304064;2120
12305131;2121
12344466;2122
12347181;2123
12349205;2124
12358082;2125
12391637;2126
12394236;2127
12424173;2128
12426286;2129
12428842;2130
12429857;2131
12445240;2132
12460174;2133
12461617;2134
12464821;2135
12477421;2136
12484320;2137
12484758;2138
12488426;2139
12488664;2140
12491518;2141
12500202;2142
12508615;2143
12514649;2144
12517160;2145
12523057;2146
12525376;2147
12551338;2148
12553955;2149
12556764;2150
12581845;2151
12581912;2152
12598971;2153
12601309;2154
12602620;2155
12607581;2156
12618601;2157
12624225;2158
12632521;2159
12634021;2160
12635182;2161
12635671;2162
12638960;2163
12671808;2164
12676546;2165
12686560;2166
12687893;2167
12688232;2168
12696447;2169
12701861;2170
12707717;2171
12712603;2172
12724858;2173
12728171;2174
12739293;2175
12747315;2176
12747580;2177
12749868;2178
12751198;2179
12756188;2180
12759825;2181
12772141;2182
12777489;2183
12780582;2184
12782522;2185
12787162;2186
12789273;2187
12829088;2188
12845319;2189
12850036;2190
12858716;2191
12860008;2192
12881469;2193
12886413;2194
12900737;2195
12901651;2196
12919173;2197
12948791;2198
12949481;2199
12950379;2200
12964589;2201
12967320;2202
12967762;2203
12972665;2204
12990025;2205
12992342;2206
13010191;2207
13012400;2208
13031788;2209
13064671;2210
13090005;2211
13097508;2212
13099859;2213
13118725;2214
13127551;2215
13136605;2216
13140330;2217
13168184;2218
13181579;2219
13189197;2220
13219408;2221
13229252;2222
13254064;2223
13263900;2224
13269303;2225
13275297;2226
13279642;2227
13280919;2228
13282720;2229
13301378;2230
13357071;2231
13365055;2232
13372397;2233
13380304;2234
13424233;2235
13425829;2236
13435358;2237
13441966;2238
13455954;2239
13475246;2240
13486307;2241
13499134;2242
13511590;2243
13531461;2244
13532577;2245
13564062;2246
13564335;2247
13571003;2248
13654949;2249
13658179;2250
13671689;2251
13706331;2252
13733788;2253
13787708;2254
13788378;2255
13791145;2256
13806200;2257
13829172;2258
13829760;2259
13869605;2260
13869757;2261
13872318;2262
13878258;2263
13894748;2264
13898988;2265
13906957;2266
13923876;2267
13932734;2268
13985789;2269
13988282;2270
14006349;2271
14007734;2272
14018245;2273
14046818;2274
14048608;2275
14057590;2276
14062284;2277
14089638;2278
14103284;2279
14108758;2280
14123836;2281
14128449;2282
14130267;2283
14175491;2284
14179328;2285
14191495;2286
14210610;2287
14227592;2288
14240746;2289
14261573;2290
14296678;2291
14311682;2292
14311981;2293
14311997;2294
14314240;2295
14319744;2296
14512012;2297
14515663;2298
14523448;2299
14561200;2300
14601828;2301
14612655;2302
14622471;2303
14622702;2304
14666650;2305
14670542;2306
14703527;2307
14708084;2308
14716318;2309
14723809;2310
14748043;2311
14753964;2312
14763768;2313
14770594;2314
14775513;2315
14792013;2316
14800825;2317
14870732;2318
14877476;2319
14921847;2320
14926529;2321
14929226;2322
14946593;2323
15027280;2324
15054626;2325
15056502;2326
15072819;2327
15076932;2328
15086071;2329
15092745;2330
15104033;2331
15133773;2332
15136446;2333
15139078;2334
15155155;2335
15189093;2336
15190009;2337
15198611;2338
15219795;2339
15232322;2340
15242296;2341
15252087;2342
15254995;2343
15255006;2344
15271792;2345
15358068;2346
15371016;2347
15386716;2348
15405531;2349
15409907;2350
15421562;2351
15463550;2352
15463741;2353
15475695;2354
15477617;2355
15477758;2356
15482831;2357
15528088;2358
15568349;2359
15628470;2360
15633046;2361
15679058;2362
15702945;2363
15716649;2364
15722122;2365
15742530;2366
15745014;2367
15746087;2368
15787076;2369
15828295;2370
15847190;2371
15870009;2372
15902765;2373
15975526;2374
15977004;2375
15995137;2376
16010257;2377
16026412;2378
16027625;2379
16052974;2380
16082637;2381
16149462;2382
16155658;2383
16165552;2384
16190729;2385
16200952;2386
16245881;2387
16262400;2388
16272220;2389
16296629;2390
16317927;2391
16317935;2392
16381206;2393
16428830;2394
16451006;2395
16467429;2396
16481644;2397
16486787;2398
16523600;2399
16546169;2400
16567492;2401
16570592;2402
16581302;2403
16646061;2404
16686589;2405
16726385;2406
16739628;2407
16748117;2408
16778921;2409
16792205;2410
16806401;2411
16850857;2412
16858597;2413
16903423;2414
16905568;2415
16907945;2416
16918239;2417
16962177;2418
16969884;2419
16971366;2420
16980170;2421
17007008;2422
17014495;2423
17015294;2424
17035712;2425
17063610;2426
17090501;2427
17118002;2428
17162482;2429
17210372;2430
17211580;2431
17216444;2432
17225011;2433
17226615;2434
17254018;2435
17264578;2436
17268078;2437
17270822;2438
17273289;2439
17276630;2440
17279626;2441
17281565;2442
17303529;2443
17319898;2444
17337896;2445
17367667;2446
17370642;2447
17372231;2448
17377430;2449
17397032;2450
17400110;2451
17425752;2452
17426310;2453
17459805;2454
17471890;2455
17475531;2456
17493415;2457
17547381;2458
17570423;2459
17570463;2460
17578447;2461
17593677;2462
17645261;2463
17668909;2464
17687627;2465
17719234;2466
17735971;2467
17779642;2468
17799062;2469
17848061;2470
17888477;2471
17902083;2472
17965179;2473
17965871;2474
17977104;2475
17999660;2476
18002699;2477
18005834;2478
18016570;2479
18047848;2480
18076089;2481
18093807;2482
18124855;2483
18182824;2484
18228675;2485
18255308;2486
18264383;2487
18278268;2488
18285657;2489
18312562;2490
18313084;2491
18317671;2492
18331509;2493
18334088;2494
18339591;2495
18363020;2496
18372749;2497
18373418;2498
18386360;2499
18391847;2500
18398116;2501
18418660;2502
18427908;2503
18443098;2504
18449545;2505
18491884;2506
18532771;2507
18565323;2508
18581987;2509
18608234;2510
18617743;2511
18618550;2512
18669743;2513
18676339;2514
18682573;2515
18697127;2516
18777887;2517
18781949;2518
18789691;2519
18796422;2520
18821220;2521
18834290;2522
18843411;2523
18871865;2524
18899831;2525
18908023;2526
18908343;2527
18916679;2528
18920802;2529
18941744;2530
18968100;2531
18968742;2532
18982240;2533
19008093;2534
19036366;2535
19064119;2536
19129364;2537
19202064;2538
19203163;2539
19206996;2540
19211291;2541
19301474;2542
19338944;2543
19354533;2544
19421665;2545
19470878;2546
19502524;2547
19520310;2548
19537878;2549
19543614;2550
19547633;2551
19569718;2552
19587601;2553
19595660;2554
19595866;2555
19633096;2556
19653336;2557
19656508;2558
19665312;2559
19701365;2560
19761406;2561
19778857;2562
19787870;2563
19809738;2564
19896986;2565
19901242;2566
19908503;2567
20045646;2568
20071306;2569
20082373;2570
20108876;2571
20130320;2572
20136460;2573
20139747;2574
20163353;2575
20214178;2576
20216100;2577
20264425;2578
20264902;2579
20345024;2580
20360549;2581
20372036;2582
20432869;2583
20540430;2584
20578943;2585
20584177;2586
20672097;2587
20763190;2588
20767745;2589
20788372;2590
20819531;2591
20830297;2592
20837223;2593
20872509;2594
20878578;2595
20879325;2596
20958255;2597
20984875;2598
20992866;2599
21013831;2600
21033656;2601
21051960;2602
21056090;2603
21077290;2604
21100587;2605
21119656;2606
21141175;2607
21143985;2608
21153895;2609
21170559;2610
21178812;2611
21190860;2612
21203651;2613
21270808;2614
21289847;2615
21316478;2616
21334087;2617
21335238;2618
21339237;2619
21341513;2620
21398289;2621
21405759;2622
21440155;2623
21451179;2624
21461495;2625
21474935;2626
21476279;2627
21506242;2628
21518190;2629
21537422;2630
21588798;2631
21596396;2632
21608685;2633
21634265;2634
21692141;2635
21695673;2636
21697023;2637
21718644;2638
21723134;2639
21810687;2640
21816772;2641
21823810;2642
21842281;2643
21875245;2644
21875350;2645
21895443;2646
21902083;2647
21924947;2648
21948102;2649
21955450;2650
21962429;2651
21999590;2652
22017928;2653
22053728;2654
22062406;2655
22066902;2656
22090084;2657
22096123;2658
22099422;2659
22103127;2660
22144898;2661
22162343;2662
22190769;2663
22198919;2664
22245735;2665
22301738;2666
22314710;2667
22322764;2668
22333574;2669
22340325;2670
22368080;2671
22376034;2672
22405433;2673
22466799;2674
22489066;2675
22552511;2676
22619169;2677
22627853;2678
22650820;2679
22709084;2680
22743361;2681
22754568;2682
22768834;2683
22786453;2684
22826295;2685
22886989;2686
22917915;2687
22989103;2688
23042047;2689
23067450;2690
23098085;2691
23118859;2692
23150624;2693
23182003;2694
23219083;2695
23237006;2696
23241864;2697
23290268;2698
23294884;2699
23296421;2700
23308959;2701
23313252;2702
23315905;2703
23349966;2704
23353536;2705
23368893;2706
23431563;2707
23489029;2708
23501158;2709
23515269;2710
23526728;2711
23547058;2712
23600930;2713
23615925;2714
23646865;2715
23679385;2716
23700224;2717
23732949;2718
23836505;2719
23840575;2720
23872266;2721
23908716;2722
23920991;2723
23927441;2724
23989015;2725
24041639;2726
24052821;2727
24098639;2728
24113694;2729
24145248;2730
24177663;2731
24191158;2732
24200160;2733
24221739;2734
24224016;2735
24228872;2736
24341885;2737
24358384;2738
24392446;2739
24405589;2740
24408463;2741
24447362;2742
24447421;2743
24497424;2744
24522164;2745
24528639;2746
24652896;2747
24698497;2748
24762698;2749
24812389;2750
24812963;2751
24876868;2752
24924646;2753
24926212;2754
24927874;2755
24928939;2756
24931077;2757
24990781;2758
24994094;2759
25051351;2760
25086945;2761
25129804;2762
25135957;2763
25149238;2764
25157656;2765
25196090;2766
25208643;2767
25336586;2768
25340134;2769
25340684;2770
25357874;2771
25359298;2772
25369803;2773
25413434;2774
25413951;2775
25472552;2776
25506287;2777
25548996;2778
25611563;2779
25615192;2780
25620318;2781
25626378;2782
25626635;2783
25634782;2784
25696970;2785
25744594;2786
25747132;2787
25765516;2788
25775942;2789
25807674;2790
25823379;2791
25891923;2792
25896339;2793
25896927;2794
25959430;2795
26003815;2796
26027970;2797
26028171;2798
26068928;2799
26128365;2800
26130025;2801
26134385;2802
26146521;2803
26191137;2804
26256142;2805
26281858;2806
26410106;2807
26411731;2808
26415844;2809
26438743;2810
26445096;2811
26470208;2812
26483889;2813
26510021;2814
26511784;2815
26521945;2816
26586449;2817
26595261;2818
26774722;2819
26824158;2820
26856537;2821
26882245;2822
26959397;2823
26973294;2824
27010776;2825
27028905;2826
27034624;2827
27059861;2828
27119006;2829
27130989;2830
27176089;2831
27183541;2832
27193398;2833
27342789;2834
27426259;2835
27467336;2836
27471824;2837
27596928;2838
27691694;2839
27698154;2840
27730206;2841
27761000;2842
27769787;2843
27836304;2844
27864357;2845
27865195;2846
27883153;2847
27914631;2848
27937554;2849
27956878;2850
28009858;2851
28062753;2852
28084693;2853
28088943;2854
28171705;2855
28189417;2856
28205990;2857
28227954;2858
28258352;2859
28269979;2860
28280864;2861
28305447;2862
28309655;2863
28335303;2864
28380974;2865
28396401;2866
28397961;2867
28449364;2868
28453319;2869
28487475;2870
28500628;2871
28522207;2872
28530494;2873
28536975;2874
28553690;2875
28602364;2876
28613337;2877
28633992;2878
28647523;2879
28740774;2880
28762077;2881
28878399;2882
28891436;2883
28927981;2884
28940882;2885
28969340;2886
29001132;2887
29030069;2888
29040143;2889
29136919;2890
29145281;2891
29189468;2892
29277414;2893
29279409;2894
29279609;2895
29281615;2896
29334056;2897
29336623;2898
29399251;2899
29429116;2900
29456328;2901
29457573;2902
29468044;2903
29506473;2904
29508943;2905
29532372;2906
29562291;2907
29668326;2908
29677090;2909
29706176;2910
29813469;2911
29821931;2912
29891298;2913
30036755;2914
30248112;2915
30298908;2916
30319004;2917
30323926;2918
30333849;2919
30430303;2920
30438493;2921
30567897;2922
30599775;2923
30622285;2924
30656592;2925
30673326;2926
30754519;2927
30766518;2928
30773592;2929
30815277;2930
30918405;2931
31067759;2932
31075428;2933
31108411;2934
31272538;2935
31307380;2936
31309998;2937
31457138;2938
31589988;2939
31622378;2940
31653805;2941
31659203;2942
31672430;2943
31705144;2944
31714317;2945
31719456;2946
31719649;2947
31831264;2948
31911983;2949
31918887;2950
31968448;2951
32061382;2952
32073062;2953
32079366;2954
32085727;2955
32245381;2956
32297807;2957
32397206;2958
32495242;2959
32570557;2960
32654736;2961
32709055;2962
32768876;2963
32774826;2964
32873561;2965
32893703;2966
32904161;2967
32959425;2968
32983808;2969
33039388;2970
33264080;2971
33269311;2972
33272277;2973
33431564;2974
33586629;2975
33716168;2976
33758800;2977
33973245;2978
33983796;2979
34068865;2980
34094146;2981
34106175;2982
34116485;2983
34166043;2984
34199460;2985
34210888;2986
34246872;2987
34264553;2988
34316362;2989
34365441;2990
34372605;2991
34468715;2992
34512218;2993
34540363;2994
34558141;2995
34627803;2996
34648915;2997
34770367;2998
34817358;2999
34827475;3000
34853152;3001
34880069;3002
34939084;3003
34959932;3004
35035772;3005
35040278;3006
35083000;3007
35332457;3008
35333800;3009
35411778;3010
35435701;3011
35447641;3012
35465052;3013
35590314;3014
35739073;3015
35777702;3016
35889275;3017
35962810;3018
35996893;3019
36042504;3020
36178230;3021
36202344;3022
36211958;3023
36290609;3024
36378106;3025
36445671;3026
36526335;3027
36528931;3028
36569496;3029
36862919;3030
36901037;3031
36943090;3032
36957294;3033
37004233;3034
37045236;3035
37093453;3036
37149273;3037
37157599;3038
37177063;3039
37191886;3040
37309794;3041
37430806;3042
37557819;3043
37616877;3044
37744410;3045
37853840;3046
37859783;3047
37870243;3048
37902482;3049
37907602;3050
37916702;3051
37965808;3052
37986071;3053
38024575;3054
38029526;3055
38040602;3056
38053539;3057
38105987;3058
38245727;3059
38251475;3060
38346720;3061
38469791;3062
38492588;3063
38503989;3064
38651888;3065
38679007;3066
38737590;3067
38776202;3068
38791523;3069
38864704;3070
38909325;3071
39003621;3072
39004840;3073
39127952;3074
39253811;3075
39308167;3076
39324954;3077
39370359;3078
39456632;3079
39544843;3080
39557907;3081
39581199;3082
39642810;3083
39758379;3084
39900429;3085
39940444;3086
40026773;3087
40041622;3088
40134644;3089
40175643;3090
40200283;3091
40212454;3092
40216207;3093
40340613;3094
40346765;3095
40629906;3096
40748489;3097
40785065;3098
40814075;3099
40859921;3100
40906507;3101
41018971;3102
41030363;3103
41036741;3104
41048345;3105
41121211;3106
41275982;3107
41322019;3108
41423393;3109
41437545;3110
41485263;3111
41569326;3112
41639866;3113
41655085;3114
41661484;3115
41679326;3116
41690172;3117
41700939;3118
41917879;3119
41984513;3120
42002044;3121
42007838;3122
42075051;3123
42166653;3124
42219028;3125
42314138;3126
42334864;3127
42406976;3128
42444891;3129
42586426;3130
42593386;3131
42737858;3132
42775366;3133
42776565;3134
42976186;3135
43053537;3136
43276237;3137
43474990;3138
43504651;3139
43509941;3140
43524139;3141
43571005;3142
43602191;3143
43748503;3144
43836647;3145
43857120;3146
43894913;3147
43919783;3148
43995030;3149
44119693;3150
44156619;3151
44302189;3152
44870567;3153
44904124;3154
44946523;3155
45076304;3156
45108750;3157
45346244;3158
45512673;3159
45623001;3160
45640721;3161
45762637;3162
45770366;3163
45791524;3164
45798280;3165
45928303;3166
46146238;3167
46209300;3168
46224260;3169
46282163;3170
46326179;3171
46332750;3172
46534206;3173
46690434;3174
46706787;3175
46749745;3176
46772574;3177
46860992;3178
46898176;3179
46965789;3180
47025035;3181
47148437;3182
47184656;3183
47263822;3184
47392376;3185
47403484;3186
47418001;3187
47427656;3188
47430305;3189
47480311;3190
47580841;3191
47708888;3192
47791317;3193
47804662;3194
47875494;3195
47946209;3196
48068016;3197
48129119;3198
48137035;3199
48179839;3200
48188782;3201
48336049;3202
48341912;3203
48815116;3204
48934944;3205
49020687;3206
49064067;3207
49077829;3208
49081746;3209
49335532;3210
49379557;3211
49478924;3212
49636994;3213
49740438;3214
49941147;3215
49991319;3216
50027065;3217
50126024;3218
50144867;3219
50219545;3220
50237284;3221
50498310;3222
50635103;3223
50657360;3224
50742616;3225
50764963;3226
50768884;3227
50805920;3228
50838505;3229
50975196;3230
51017085;3231
51033511;3232
51037376;3233
51335874;3234
51450616;3235
52010358;3236
52051546;3237
52168017;3238
52247043;3239
52248024;3240
52302012;3241
52348481;3242
52403222;3243
52467519;3244
52490521;3245
52517217;3246
52694273;3247
52712931;3248
52717973;3249
52720974;3250
52799462;3251
52851997;3252
52982604;3253
53039872;3254
53074637;3255
53105704;3256
53118239;3257
53478384;3258
53551272;3259
53688992;3260
53773589;3261
53830293;3262
53878546;3263
54087444;3264
54090547;3265
54107762;3266
54241849;3267
54255686;3268
54267914;3269
54320710;3270
54439211;3271
54448613;3272
54599231;3273
54791265;3274
54856409;3275
54895312;3276
54972020;3277
55037799;3278
55071981;3279
55090177;3280
55121074;3281
55121445;3282
55228724;3283
55304175;3284
55433461;3285
55828292;3286
55956614;3287
56040494;3288
56065491;3289
56069062;3290
56232674;3291
56310627;3292
56315259;3293
56457406;3294
56499553;3295
56561475;3296
56677028;3297
56863807;3298
56892750;3299
56971949;3300
57119932;3301
57128905;3302
57144204;3303
57434540;3304
57442705;3305
57495917;3306
57512853;3307
57513400;3308
57528472;3309
57606616;3310
57636314;3311
57692521;3312
57838542;3313
57894549;3314
57963492;3315
58201565;3316
58252102;3317
58282541;3318
58309027;3319
58391627;3320
58409727;3321
58412874;3322
58515316;3323
58613322;3324
58690397;3325
58695339;3326
58939277;3327
58941276;3328
59091754;3329
59160211;3330
59183946;3331
59302937;3332
59472487;3333
59640130;3334
59765945;3335
59830011;3336
59972269;3337
60171527;3338
60192479;3339
60309330;3340
60332927;3341
60444803;3342
60510857;3343
60875790;3344
61102549;3345
61145550;3346
61483205;3347
61720111;3348
61776956;3349
61839593;3350
62028244;3351
62083019;3352
62345042;3353
62403545;3354
62670270;3355
62677707;3356
63015322;3357
63019313;3358
63152019;3359
63200279;3360
63200307;3361
63371621;3362
63724050;3363
63840005;3364
63977888;3365
64259512;3366
64646569;3367
64852986;3368
65028270;3369
65171431;3370
65284180;3371
65311976;3372
65444648;3373
65596584;3374
65695849;3375
65707478;3376
65787346;3377
65901619;3378
66096420;3379
66198026;3380
66398235;3381
66459823;3382
66595363;3383
66609349;3384
67051859;3385
67289610;3386
67530570;3387
68017082;3388
68074880;3389
68578044;3390
68702620;3391
69037883;3392
69067748;3393
69136949;3394
69229197;3395
69302534;3396
69435601;3397
69868592;3398
70068934;3399
70136096;3400
70141739;3401
70227740;3402
70461928;3403
70652740;3404
70666677;3405
70897055;3406
71012564;3407
71051868;3408
71264800;3409
71289382;3410
71327766;3411
71331829;3412
71467094;3413
71523604;3414
71527174;3415
71535205;3416
71619406;3417
71659368;3418
71954500;3419
71976116;3420
72199620;3421
72272241;3422
72337942;3423
72557494;3424
72596632;3425
72781699;3426
72873407;3427
72965028;3428
73203760;3429
73690694;3430
73765367;3431
73999475;3432
74095698;3433
74232975;3434
74578069;3435
74657035;3436
74663710;3437
74749424;3438
74909889;3439
75246507;3440
75335541;3441
75350281;3442
75728366;3443
75861160;3444
75876606;3445
75885626;3446
76241942;3447
76397797;3448
76437507;3449
76947098;3450
77267731;3451
77388290;3452
77581381;3453
77659372;3454
77725935;3455
77794663;3456
78013571;3457
78047104;3458
78080113;3459
79093191;3460
79107151;3461
79451315;3462
79743345;3463
79822613;3464
80108659;3465
80240545;3466
80241817;3467
80546452;3468
81793240;3469
81800614;3470
82029464;3471
82945567;3472
83572610;3473
84114197;3474
84293754;3475
84360905;3476
84766969;3477
84863383;3478
85583753;3479
85994813;3480
86240651;3481
86261548;3482
86337309;3483
86603647;3484
86623476;3485
86894264;3486
87109356;3487
87398685;3488
